"310719038","0310719038.jpg","http://ecx.images-amazon.com/images/I/51%2BdTVyg6lL.jpg","Gifted Hands, Kids Edition: The Ben Carson Story (ZonderKidz Biography)","Gregg Lewis","9","Christian Books & Bibles"
"310715504","0310715504.jpg","http://ecx.images-amazon.com/images/I/511YtTp42lL.jpg","David and the Giant (I Can Read! / The Beginner's Bible)","","9","Christian Books & Bibles"
"310723620","0310723620.jpg","http://ecx.images-amazon.com/images/I/51DNuR8BBjL.jpg","Adventure Bible Book of Devotions, NIV: 365 Days of Adventure","Robin Schmitt","9","Christian Books & Bibles"
"310734819","0310734819.jpg","http://ecx.images-amazon.com/images/I/61n2vGZRI5L.jpg","The Berenstain Bears Blessed are the Peacemakers (Berenstain Bears/Living Lights)","Mike Berenstain","9","Christian Books & Bibles"
"310715539","0310715539.jpg","http://ecx.images-amazon.com/images/I/51QjI8ojk2L.jpg","Jesus Saves the World (I Can Read! / The Beginner's Bible)","","9","Christian Books & Bibles"
"1616440686","1616440686.jpg","http://ecx.images-amazon.com/images/I/51QJykRF-2L.jpg","The Big Book of Homeschooling","Debi Pearl","9","Christian Books & Bibles"
"310747473","0310747473.jpg","http://ecx.images-amazon.com/images/I/51j7xEf5TML.jpg","Submarines, Secrets and a Daring Rescue (American Revolutionary War Adventures)","Robert J. Skead","9","Christian Books & Bibles"
"310734770","0310734770.jpg","http://ecx.images-amazon.com/images/I/61jwaB8Dy4L.jpg","The Berenstain Bears Keep the Faith (Berenstain Bears/Living Lights)","Mike Berenstain","9","Christian Books & Bibles"
"830723463","0830723463.jpg","http://ecx.images-amazon.com/images/I/51XI-aQaylL.jpg","Big Book of Bible Skills: Ages 8E€E12; reproducible, B/W, group activities, games, puzzles, activities that help kids learn to use their Bibles, learn Bible books, more (Big Books)","Gospel Light","9","Christian Books & Bibles"
"310714583","0310714583.jpg","http://ecx.images-amazon.com/images/I/51i18%2BO5kdL.jpg","Noah and the Ark (I Can Read! / The Beginner's Bible)","","9","Christian Books & Bibles"
"1600921604","1600921604.jpg","http://ecx.images-amazon.com/images/I/514av5plZJL.jpg","The World of Animals (God's Design for Life)","Debbie Lawrence","9","Christian Books & Bibles"
"1621381455","1621381455.jpg","http://ecx.images-amazon.com/images/I/510GW1q9xFL.jpg","The Case for Catholic Education: Why Parents, Teachers, and Politicians Should Reclaim the Principles of Catholic Pedagogy","Ryan N.S. Topping","9","Christian Books & Bibles"
"310747864","0310747864.jpg","http://ecx.images-amazon.com/images/I/51%2BzUhI2ylL.jpg","Streams in the Desert for Kids: 365 Devotions of God's Awesome Love","L. B. E. Cowman","9","Christian Books & Bibles"
"740303090","0740303090.jpg","http://ecx.images-amazon.com/images/I/41VLcYGqh9L.jpg","Horizons Mathematics K, Book 1 (Lifepac)","Kindergarten","9","Christian Books & Bibles"
"094031911X","094031911X.jpg","http://ecx.images-amazon.com/images/I/51Z6CRJkYFL.jpg","Genesis: Finding Our Roots","Ruth Beechick","9","Christian Books & Bibles"
"1576580199","1576580199.jpg","http://ecx.images-amazon.com/images/I/514YBAKASYL.jpg","Gladys Aylward: The Adventure of a Lifetime (Christian Heroes: Then & Now)","Janet Benge","9","Christian Books & Bibles"
"310718899","0310718899.jpg","http://ecx.images-amazon.com/images/I/51NkF9guq3L.jpg","Jesus and His Friends / JesÃºs y sus amigos (I Can Read! / The Beginner's Bible / Â¡Yo sÃ© leer!)","Zondervan","9","Christian Books & Bibles"
"310727847","0310727847.jpg","http://ecx.images-amazon.com/images/I/51lgplVzIPL.jpg","Psalm 23","","9","Christian Books & Bibles"
"1932012990","1932012990.jpg","http://ecx.images-amazon.com/images/I/51TlGSgSyWL.jpg","The Ultimate Guide to Homeschooling Teens","Debra Bell","9","Christian Books & Bibles"
"785281754","0785281754.jpg","http://ecx.images-amazon.com/images/I/5140FjgszHL.jpg","The Successful Homeschool Family Handbook","Dorothy Moore","9","Christian Books & Bibles"
"310745829","0310745829.jpg","http://ecx.images-amazon.com/images/I/51vDeXxd9UL.jpg","Clash: A Novel (Soul Surfer Series)","Rick Bundschuh","9","Christian Books & Bibles"
"310727308","0310727308.jpg","http://ecx.images-amazon.com/images/I/51kLJMNQ0JL.jpg","Bob and Larry in the Case of the Missing Patience (I Can Read! / Big Idea Books / VeggieTales)","Karen Poth","9","Christian Books & Bibles"
"1883934028","1883934028.jpg","http://ecx.images-amazon.com/images/I/517968B5J2L.jpg","Beautiful Girlhood: Revised by Karen Andreola","Karen Andreola","9","Christian Books & Bibles"
"310718937","0310718937.jpg","http://ecx.images-amazon.com/images/I/51pPuy6gz1L.jpg","Jesus Saves the World / JesÃºs salva al mundo (I Can Read! / The Beginner's Bible / Â¡Yo sÃ© leer!)","Zondervan","9","Christian Books & Bibles"
"310717671","0310717671.jpg","http://ecx.images-amazon.com/images/I/51kuF0lMzJL.jpg","Baby Moses and the Princess (I Can Read! / The Beginner's Bible)","","9","Christian Books & Bibles"
"310720893","0310720893.jpg","http://ecx.images-amazon.com/images/I/61U3EBdBHeL.jpg","The Berenstain Bears: God Bless Our Home (Berenstain Bears/Living Lights)","Jan Berenstain","9","Christian Books & Bibles"
"310723175","0310723175.jpg","http://ecx.images-amazon.com/images/I/51QF2souyBL.jpg","Every Which Way to Pray (Everyday Zoo)","Joyce Meyer","9","Christian Books & Bibles"
"031075142X","031075142X.jpg","http://ecx.images-amazon.com/images/I/51X%2BRTRdflL.jpg","The Beginner's Bible Kid-Sized Devotions","Zondervan","9","Christian Books & Bibles"
"310732425","0310732425.jpg","http://ecx.images-amazon.com/images/I/51Q1wX28AXL.jpg","Miracles of Jesus (I Can Read! / Adventure Bible)","","9","Christian Books & Bibles"
"310720877","0310720877.jpg","http://ecx.images-amazon.com/images/I/61nDhMxhXTL.jpg","The Berenstain Bears and the Easter Story (Berenstain Bears/Living Lights)","Mike Berenstain","9","Christian Books & Bibles"
"310720257","0310720257.jpg","http://ecx.images-amazon.com/images/I/51lOO2%2BTekL.jpg","The Story Trading Cards: For Preschool: Pre-K through Grade 2","Zondervan","9","Christian Books & Bibles"
"1932012966","1932012966.jpg","http://ecx.images-amazon.com/images/I/51onQs6BFzL.jpg","Seasons of a Mother's Heart, 2nd edition","Sally Clarkson","9","Christian Books & Bibles"
"310724325","0310724325.jpg","http://ecx.images-amazon.com/images/I/617qEfVO92L.jpg","Favorite Parables from the Bible: Stories Jesus Told","Nick Butterworth","9","Christian Books & Bibles"
"158095930X","158095930X.jpg","http://ecx.images-amazon.com/images/I/51B3KNYihYL.jpg","Horizons Mathematics 1: Book Two (Lifepac)","Sareta A. Cummins","9","Christian Books & Bibles"
"310718821","0310718821.jpg","http://ecx.images-amazon.com/images/I/51faCeijWPL.jpg","Moses, God's Brave Servant: Biblical Values (I Can Read! / Dennis Jones Series)","","9","Christian Books & Bibles"
"310720915","0310720915.jpg","http://ecx.images-amazon.com/images/I/61j2gwdmFbL.jpg","The Berenstain Bears  and the Trouble with Things (Berenstain Bears/Living Lights)","Jan & Mike Berenstain","9","Christian Books & Bibles"
"1581345526","1581345526.jpg","http://ecx.images-amazon.com/images/I/41EjnJ6N5eL.jpg","Wisdom and Eloquence: A Christian Paradigm for Classical Learning","Robert Littlejohn","9","Christian Books & Bibles"
"310718872","0310718872.jpg","http://ecx.images-amazon.com/images/I/51Az6BOfqtL.jpg","Jonah and the Big Fish / JonÃ¡s y el gran pez (I Can Read! / The Beginner's Bible / Â¡Yo sÃ© leer!)","Zondervan","9","Christian Books & Bibles"
"1434704696","1434704696.jpg","http://ecx.images-amazon.com/images/I/51flTncRAwL.jpg","Cold-Case Christianity: A Homicide Detective Investigates the Claims of the Gospels","J. Warner Wallace","9","Christian Books & Bibles"
"851512283","0851512283.jpg","http://ecx.images-amazon.com/images/I/519BBAJNJGL.jpg","The Valley of Vision: A Collection of Puritan Prayers & Devotions","","9","Christian Books & Bibles"
"807010294","0807010294.jpg","http://ecx.images-amazon.com/images/I/511NbhCVqfL.jpg","Jesus and the Disinherited","Howard Thurman","9","Christian Books & Bibles"
"802847323","0802847323.jpg","http://ecx.images-amazon.com/images/I/511%2BT6jOeVL.jpg","The Crucifixion: Understanding the Death of Jesus Christ","Fleming Rutledge","9","Christian Books & Bibles"
"801031591","0801031591.jpg","http://ecx.images-amazon.com/images/I/51Z8kyzUqhL.jpg","A Concise History of Christian Thought","Tony Lane","9","Christian Books & Bibles"
"143127845","0143127845.jpg","http://ecx.images-amazon.com/images/I/41MY223q%2B5L.jpg","Christ Actually: Reimagining Faith in the Modern Age","James Carroll","9","Christian Books & Bibles"
"977945987","0977945987.jpg","http://ecx.images-amazon.com/images/I/51QE%2BfSMbFL.jpg","A Light in Darkness Vol. 1: Seven Messages To The Seven Churches","Rick Renner","9","Christian Books & Bibles"
"61137782","0061137782.jpg","http://ecx.images-amazon.com/images/I/51h59b5%2B4vL.jpg","The Misunderstood Jew: The Church and the Scandal of the Jewish Jesus","Amy-Jill Levine","9","Christian Books & Bibles"
"71476520","0071476520.jpg","http://ecx.images-amazon.com/images/I/51CGrPNUfBL.jpg","The Asthma Sourcebook 3rd Edition (Sourcebooks)","Francis Adams","11","Health, Fitness & Dieting"
"159185282X","159185282X.jpg","http://ecx.images-amazon.com/images/I/41Vz-wVq%2B4L.jpg","The Bible Cure for Asthma: Ancient Truths, Natural Remedies and the Latest Findings for Your Health Today (New Bible Cure (Siloam))","Don Colbert MD","11","Health, Fitness & Dieting"
"076455218X","076455218X.jpg","http://ecx.images-amazon.com/images/I/5183VHDK2KL.jpg","Allergies and Asthma For Dummies","William E. Berger","11","Health, Fitness & Dieting"
"1933310030","1933310030.jpg","http://ecx.images-amazon.com/images/I/514PT0P9G9L.jpg","The Harvard Medical School Guide to Taking Control of Asthma (The Harvard Medical School Guides)","Christopher H. Fanta","11","Health, Fitness & Dieting"
"1882431073","1882431073.jpg","http://ecx.images-amazon.com/images/I/51qJvPVvwjL.jpg","Courage and Information for Life with Chronic Obstructive Pulmonary Disease: The Handbook for Patients, Families and Care Givers Managing COPD, Emphysema, Bronchitis","Rick Carter","11","Health, Fitness & Dieting"
"155312006X","155312006X.jpg","http://ecx.images-amazon.com/images/I/51VMT2VGYWL.jpg","Natural Relief from Asthma (Natural Health Guide)","C. Leigh Broadhurst","11","Health, Fitness & Dieting"
"1569243417","1569243417.jpg","http://ecx.images-amazon.com/images/I/51yw%2BCnBIoL.jpg","Dr. Dean Mitchell's Allergy and Asthma Solution: The Ultimate Program for Reversing Your Symptoms One Drop at a Time","M.D. Dean Mitchell M.D.","11","Health, Fitness & Dieting"
"7154496","0007154496.jpg","http://ecx.images-amazon.com/images/I/51GMYYB11RL.jpg","Yoga Beats Asthma: Simple Exercises and Breathing Techniques to Relieve Asthma and Other Respiratory Disorders","Stella Weller","11","Health, Fitness & Dieting"
"1587613018","1587613018.jpg","http://ecx.images-amazon.com/images/I/41hOuIOBKgL.jpg","Live Free from Asthma and Allergies: Use the BioSET System to Detoxify and Desensitize Your Body","Ellen W. Cutler","11","Health, Fitness & Dieting"
"967405203","0967405203.jpg","http://ecx.images-amazon.com/images/I/51ByLUaE9IL.jpg","Golden Wings, Holistic Approach to Managing Asthma","Yocheved Bat-Imedt R.N.","11","Health, Fitness & Dieting"
"813532701","0813532701.jpg","http://ecx.images-amazon.com/images/I/51dPXqQt%2BHL.jpg","In Sickness and in Play: Children Coping with Chronic Illness (Series in Childhood Studies)","Cindy Dell Clark","11","Health, Fitness & Dieting"
"781743745","0781743745.jpg","http://ecx.images-amazon.com/images/I/41ZQTR89MPL.jpg","The Washington ManualÂ® Allergy, Asthma, and Immunology Subspecialty Consult (The Washington ManualÂ® Subspecialty Consult Series)","Washington University School of Medicine Department of Medicine","11","Health, Fitness & Dieting"
"62515977","0062515977.jpg","http://ecx.images-amazon.com/images/I/41QRMFWPN1L.jpg","Asthma Free in 21 Days: The Breakthrough Mind-Body Healing Program","Kathryn Shafer","11","Health, Fitness & Dieting"
"807070963","0807070963.jpg","http://ecx.images-amazon.com/images/I/41KGN0CRGRL.jpg","BREATHLESS  CL","Louise A. DeSalvo","11","Health, Fitness & Dieting"
"743224787","0743224787.jpg","http://ecx.images-amazon.com/images/I/51DEHHR5N5L.jpg","The Harvard Medical School Guide To Taking Control Of Asthma","Lynda, M.D. Cristiano","11","Health, Fitness & Dieting"
"824701763","0824701763.jpg","http://ecx.images-amazon.com/images/I/41FP3JNQV2L.jpg","Immunotherapy in Asthma (Lung Biology in Health and Disease)","","11","Health, Fitness & Dieting"
"914625225","0914625225.jpg","http://ecx.images-amazon.com/images/I/51SYSVVX0DL.jpg","Dr Tom Plaut's Asthma Guide for People of All Ages","Thomas F. Plaut","11","Health, Fitness & Dieting"
"824702301","0824702301.jpg","http://ecx.images-amazon.com/images/I/41rOHGmSvoL.jpg","Gastroesophageal Reflux Disease and Airway Disease (Lung Biology in Health and Disease)","","11","Health, Fitness & Dieting"
"5901257022","5901257022.jpg","http://ecx.images-amazon.com/images/I/41WB5EDXQCL.jpg","Endogenous Respiration","Vladimir Frolov","11","Health, Fitness & Dieting"
"306455706","0306455706.jpg","http://ecx.images-amazon.com/images/I/51Qz1A4KRcL.jpg","All About Asthma: Stop Suffering And Start Living","Irwin J. Polk","11","Health, Fitness & Dieting"
"827386222","0827386222.jpg","http://ecx.images-amazon.com/images/I/31RwDyI6jiL.jpg","Winning the War Against Asthma and Allergies","Ellen W. Cutler","11","Health, Fitness & Dieting"
"120790289","0120790289.jpg","http://ecx.images-amazon.com/images/I/41WvTI0OzUL.jpg","Asthma and COPD: Basic Mechanisms and Clinical Management","Peter J. Barnes DM FRS FMedSci","11","Health, Fitness & Dieting"
"914625209","0914625209.jpg","http://ecx.images-amazon.com/images/I/41768N4XZJL.jpg","One Minute Asthma: What You Need to Know","Thomas F. Plaut","11","Health, Fitness & Dieting"
"824705521","0824705521.jpg","http://ecx.images-amazon.com/images/I/41xvq6xmb0L.jpg","Severe Asthma: Pathogenesis and Clinical Management (Lung Biology in Health and Disease)","","11","Health, Fitness & Dieting"
"914625314","0914625314.jpg","http://ecx.images-amazon.com/images/I/41ypz96ySeL.jpg","El asma en un minuto: Lo que usted necesita saber (Spanish Edition)","Thomas F. Plaut","11","Health, Fitness & Dieting"
"914625306","0914625306.jpg","http://ecx.images-amazon.com/images/I/41cYYq7jGyL.jpg","One Minute Asthma: What You Need to Know","Thomas F. Plaut","11","Health, Fitness & Dieting"
"824703014","0824703014.jpg","http://ecx.images-amazon.com/images/I/41W28GZVS6L.jpg","Environmental Asthma (Lung Biology in Health and Disease)","Robert K. Bush","11","Health, Fitness & Dieting"
"609803697","0609803697.jpg","http://ecx.images-amazon.com/images/I/51GD84A89BL.jpg","Freedom from Asthma: The Revolutionary 5-Day Treatment for Healing  Asthma with the Breath Connection (R) Program","alexander Alexander Stalmatski","11","Health, Fitness & Dieting"
"807502758","0807502758.jpg","http://ecx.images-amazon.com/images/I/612M11RRHDL.jpg","All about Asthma (An Albert Whitman Prairie Book)","Vivianne Astrow","11","Health, Fitness & Dieting"
"824706633","0824706633.jpg","http://ecx.images-amazon.com/images/I/41%2BC7MhLmjL.jpg","IgE and Anti-IgE Therapy in Asthma and Allergic Disease (Lung Biology in Health and Disease)","","11","Health, Fitness & Dieting"
"965302415","0965302415.jpg","http://ecx.images-amazon.com/images/I/41RW93WNJ1L.jpg","Natural Asthma & Allergy Management","Celeste White","11","Health, Fitness & Dieting"
"817622896","0817622896.jpg","http://ecx.images-amazon.com/images/I/41kACSoYMRL.jpg","Intrinsic Asthma (Agents and Actions Supplements)","M. Schmitz-Schumann","11","Health, Fitness & Dieting"
"452272505","0452272505.jpg","http://ecx.images-amazon.com/images/I/31CP0NSCWVL.gif","Living with Asthma: A Comprehensive Guide to Understanding and Controlling Asthma...","Anthony Rooklin","11","Health, Fitness & Dieting"
"879837713","0879837713.jpg","http://ecx.images-amazon.com/images/I/51MKss-V7UL.jpg","Asthma: An Alternative Approach","Ron Roberts","11","Health, Fitness & Dieting"
"805016880","0805016880.jpg","http://ecx.images-amazon.com/images/I/519klJ-DjML.jpg","Asthma & Exercise","Nancy Hogshead","11","Health, Fitness & Dieting"
"1559584343","1559584343.jpg","http://ecx.images-amazon.com/images/I/51ZDoOvdGuL.jpg","The Asthma Self-Help Book, Revised 2nd Edition: How to Live a Normal Life in Spite of Your Condition","Paul J. Hannaway","11","Health, Fitness & Dieting"
"1583331239","1583331239.jpg","http://ecx.images-amazon.com/images/I/51NfqMhZ-jL.jpg","The Whole Family Guide to Natural Asthma Relief: comph Drug Free solns for Treatment Prevention Asthma Allergies","Ph.D C. Leigh Broadhurst","11","Health, Fitness & Dieting"
"397516827","0397516827.jpg","http://ecx.images-amazon.com/images/I/418QBG8NE0L.jpg","Asthma","Peter J. Barnes","11","Health, Fitness & Dieting"
"824704487","0824704487.jpg","http://ecx.images-amazon.com/images/I/41E3WNR3GZL.jpg","Airway Remodeling (Lung Biology in Health and Disease)","","11","Health, Fitness & Dieting"
"762106042","0762106042.jpg","http://ecx.images-amazon.com/images/I/51V0MGGQ2TL.jpg","Allergy and Asthma Relief","William Berger","11","Health, Fitness & Dieting"
"3764358580","3764358580.jpg","http://ecx.images-amazon.com/images/I/41dXBhDL%2BfL.jpg","Asthma: Epidemiology, Anti-Inflammatory Therapy and Future Trends (Respiratory Pharmacology and Pharmacotherapy)","","11","Health, Fitness & Dieting"
"1890612227","1890612227.jpg","http://ecx.images-amazon.com/images/I/51g12cBfNuL.jpg","The Asthma Breakthrough: Breathe Freely-Naturally!","Henry Osiecki","11","Health, Fitness & Dieting"
"449215628","0449215628.jpg","http://ecx.images-amazon.com/images/I/51D2C7HZ56L.jpg","Asthma","Allan M. Weinstein","11","Health, Fitness & Dieting"
"439064872","0439064872.jpg","http://ecx.images-amazon.com/images/I/51jNORv6nQL.jpg","Harry Potter And The Chamber Of Secrets","J. K. Rowling","27","Teen & Young Adult"
"553499114","0553499114.jpg","http://ecx.images-amazon.com/images/I/51vpagSvAYL.jpg","Illuminae (The Illuminae Files)","Amie Kaufman","27","Teen & Young Adult"
"1250012570","1250012570.jpg","http://ecx.images-amazon.com/images/I/41yMNepSxpL.jpg","Eleanor & Park","Rainbow Rowell","27","Teen & Young Adult"
"1619636042","1619636042.jpg","http://ecx.images-amazon.com/images/I/51r%2By3Ey6jL.jpg","Queen of Shadows (Throne of Glass)","Sarah J. Maas","27","Teen & Young Adult"
"142425834","0142425834.jpg","http://ecx.images-amazon.com/images/I/519kWfgQqqL.jpg","The 5th Wave: The First Book of the 5th Wave Series","Rick Yancey","27","Teen & Young Adult"
"1594747350","1594747350.jpg","http://ecx.images-amazon.com/images/I/51RP7pNqzCL.jpg","Hollow City: The Second Novel of Miss Peregrine's Peculiar Children","Ransom Riggs","27","Teen & Young Adult"
"1423182014","1423182014.jpg","http://ecx.images-amazon.com/images/I/5176eL1ZA1L.jpg","Waterfire Saga, Book Three Dark Tide","Jennifer Donnelly","27","Teen & Young Adult"
"1604335742","1604335742.jpg","http://ecx.images-amazon.com/images/I/51RNn6LfRhL.jpg","The Boy's Body Book: Third Edition: Everything You Need to Know for Growing Up YOU","Kelli Dunham","27","Teen & Young Adult"
"439136369","0439136369.jpg","http://ecx.images-amazon.com/images/I/51gY5jzz3NL.jpg","Harry Potter and the Prisoner of Azkaban","J.K. Rowling","27","Teen & Young Adult"
"62352164","0062352164.jpg","http://ecx.images-amazon.com/images/I/51qtn8zJVnL.jpg","Divergent Series Ultimate Four-Book Box Set: Divergent, Insurgent, Allegiant, Four","Veronica Roth","27","Teen & Young Adult"
"142409065","0142409065.jpg","http://ecx.images-amazon.com/images/I/51X%2BJOXIfpL.jpg","Judy Blume's Fudge Box Set","Judy Blume","27","Teen & Young Adult"
"545139708","0545139708.jpg","http://ecx.images-amazon.com/images/I/5128ATd9dSL.jpg","Harry Potter and the Deathly Hallows (Book 7)","J. K. Rowling","27","Teen & Young Adult"
"62349856","0062349856.jpg","http://ecx.images-amazon.com/images/I/51a5h1OlkvL.jpg","The Heir (The Selection)","Kiera Cass","27","Teen & Young Adult"
"62310631","0062310631.jpg","http://ecx.images-amazon.com/images/I/41VTPDCAq5L.jpg","Red Queen","Victoria Aveyard","27","Teen & Young Adult"
"014242417X","014242417X.jpg","http://ecx.images-amazon.com/images/I/51VlKD1aucL.jpg","The Fault in Our Stars","John Green","27","Teen & Young Adult"
"159514188X","159514188X.jpg","http://ecx.images-amazon.com/images/I/411MJMpTseL.jpg","Thirteen Reasons Why","Jay Asher","27","Teen & Young Adult"
"006202406X","006202406X.jpg","http://ecx.images-amazon.com/images/I/51AXNYr9hkL.jpg","Allegiant (Divergent Series)","Veronica Roth","27","Teen & Young Adult"
"385751532","0385751532.jpg","http://ecx.images-amazon.com/images/I/51BS6FjTqqL.jpg","The Boy in the Striped Pajamas (Young Reader's Choice Award - Intermediate Division)","John Boyne","27","Teen & Young Adult"
"62403168","0062403168.jpg","http://ecx.images-amazon.com/images/I/51dDM7po-yL.jpg","The Rest of Us Just Live Here","Patrick Ness","27","Teen & Young Adult"
"038574143X","038574143X.jpg","http://ecx.images-amazon.com/images/I/512B30QVD0L.jpg","The Game of Lives (The Mortality Doctrine, Book Three)","James Dashner","27","Teen & Young Adult"
"62278231","0062278231.jpg","http://ecx.images-amazon.com/images/I/51m5E%2BGsZhL.jpg","Nimona","Noelle Stevenson","27","Teen & Young Adult"
"1609589033","1609589033.jpg","http://ecx.images-amazon.com/images/I/51m1OlQCMsL.jpg","A Smart Girl's Guide: Drama, Rumors & Secrets: Staying True to Yourself in Changing Times (Smart Girl's Guides)","Nancy Holyoke","27","Teen & Young Adult"
"544340620","0544340620.jpg","http://ecx.images-amazon.com/images/I/51LkGVu9TnL.jpg","The Giver Quartet boxed set","Lois Lowry","27","Teen & Young Adult"
"399162429","0399162429.jpg","http://ecx.images-amazon.com/images/I/51c%2BwRUGMvL.jpg","The Infinite Sea: The Second Book of the 5th Wave","Rick Yancey","27","Teen & Young Adult"
"1250030951","1250030951.jpg","http://ecx.images-amazon.com/images/I/412XH9UvpbL.jpg","Fangirl: A Novel","Rainbow Rowell","27","Teen & Young Adult"
"553496646","0553496646.jpg","http://ecx.images-amazon.com/images/I/51fSnKmlq6L.jpg","Everything, Everything","Nicola Yoon","27","Teen & Young Adult"
"1481451073","1481451073.jpg","http://ecx.images-amazon.com/images/I/61tHIVJeWoL.jpg","Breakaway: Beyond the Goal","Alex Morgan","27","Teen & Young Adult"
"62387243","0062387243.jpg","http://ecx.images-amazon.com/images/I/51edZ%2BNaJRL.jpg","Divergent (Divergent Series)","Veronica Roth","27","Teen & Young Adult"
"1595147950","1595147950.jpg","http://ecx.images-amazon.com/images/I/51TzPuvABiL.jpg","Rookie Yearbook Four","Tavi Gevinson","27","Teen & Young Adult"
"1250007208","1250007208.jpg","http://ecx.images-amazon.com/images/I/419rjQNqYhL.jpg","Cinder: Book One of the Lunar Chronicles","Marissa Meyer","27","Teen & Young Adult"
"62024051","0062024051.jpg","http://ecx.images-amazon.com/images/I/51YMf0SVDaL.jpg","Insurgent (Divergent Series)","Veronica Roth","27","Teen & Young Adult"
"038574126X","038574126X.jpg","http://ecx.images-amazon.com/images/I/51A-A8TT9xL.jpg","We Were Liars","E. Lockhart","27","Teen & Young Adult"
"763668184","0763668184.jpg","http://ecx.images-amazon.com/images/I/51myIyr6tUL.jpg","Symphony for the City of the Dead: Dmitri Shostakovich and the Siege of Leningrad","M.T. Anderson","27","Teen & Young Adult"
"62415468","0062415468.jpg","http://ecx.images-amazon.com/images/I/61XjmLUQF5L.jpg","Color Me Creative: Unlock Your Imagination","Kristina Webb","27","Teen & Young Adult"
"316247545","0316247545.jpg","http://ecx.images-amazon.com/images/I/61xw3AizcSL.jpg","The Elements of Harmony: Friendship is Magic (My Little Pony)","Brandon T. Snider","27","Teen & Young Adult"
"385755112","0385755112.jpg","http://ecx.images-amazon.com/images/I/51jRArUgoFL.jpg","Taking Flight: From War Orphan to Star Ballerina","Michaela DePrince","27","Teen & Young Adult"
"1615192948","1615192948.jpg","http://ecx.images-amazon.com/images/I/51Q74uiPMSL.jpg","All I Know Now: Wonderings and Advice on Making Friends, Making Mistakes, Falling in (and out of) Love, and Other Adventures in Growing Up Hopefully","Carrie Hope Fletcher","27","Teen & Young Adult"
"689816138","0689816138.jpg","http://ecx.images-amazon.com/images/I/41jG1e0tQaL.jpg","The Book of Virtues for Young People: A Treasury of Great Moral Stories","","27","Teen & Young Adult"
"316222461","0316222461.jpg","http://ecx.images-amazon.com/images/I/51LfZWOHrAL.jpg","The Twilight Saga: The Complete Film Archive: Memories, Mementos, and Other Treasures from the Creative Team Behind the Beloved Motion Pictures","Robert Abele","27","Teen & Young Adult"
"547553951","0547553951.jpg","http://ecx.images-amazon.com/images/I/51oJE4enbTL.jpg","The Fashion Coloring Book","Carol Chu","27","Teen & Young Adult"
"847843777","0847843777.jpg","http://ecx.images-amazon.com/images/I/51jpfFJ9S7L.jpg","Ah-Ha to Zig-Zag: 31 Objects from Cooper Hewitt, Smithsonian Design Museum","Maira Kalman","27","Teen & Young Adult"
"823049477","0823049477.jpg","http://ecx.images-amazon.com/images/I/51lGkrDDLwL.jpg","Acting for Young Actors: The Ultimate Teen Guide","Mary Lou Belli","27","Teen & Young Adult"
